FemaleID,MaleID,pairID,Year,FemaleAge,MaleAge,Fpair,Site,Fledged,Survived,Fmale,Ffemale,ll,Fa
41448,43210,B41448B43210,1991-92,4,3,0.2578125,TPB,2,1,0.4375,0.25,0.050265,0.589935303
41460,41484,B41460B41484,1991-92,4,3,0.3046875,TPB,1,0,0.3125,0.25,0.063545,0.510742188
41468,41470,B41468B41470,1991-92,4,4,0.33984375,MGR,1,1,0.28125,0.375,0.059595,0.592346191
41485,41466,B41485B41466,1991-92,3,4,0.46875,WSB,1,1,0.3125,0.3125,0.09032,0.548828125
41497,43218,B41497B43218,1991-92,3,3,0.2890625,WSB,1,1,0.3046875,0.28125,0.05116,0.604457855
41500,45247,B41500B45247,1991-92,3,2,0.30859375,WSB,1,1,0.27734375,0.318359375,0.04432,0.694616254
43207,41443,B43207B41443,1991-92,3,4,0.28515625,WSB,2,2,0.4375,0.34375,0.0512,0.62701416
43224,43203,B43224B43203,1991-92,3,3,0.322265625,WSB,2,1,0.359375,0.28125,0.049495,0.663455963
43225,41489,B43225B41489,1991-92,3,3,0.33203125,WSB,2,1,0.4375,0.25,0.04977,0.677459717
43227,43236,B43227B43236,1991-92,3,3,0.29296875,TPB,3,1,0.25,0.296875,0.051205,0.595632851
43234,43217,B43234B43217,1991-92,3,3,0.30859375,WSB,4,4,0.28125,0.3359375,0.043425,0.699720129
43237,43215,B43237B43215,1991-92,3,3,0.326171875,MGR,2,2,0.265625,0.3046875,0.058555,0.570886612
43238,41481,B43238B41481,1991-92,3,3,0.33203125,TPB,1,0,0.34375,0.28125,0.05959,0.575744629
43241,41499,B43241B41499,1991-92,3,3,0.306640625,WSB,2,2,0.318359375,0.3125,0.05113,0.633473869
43242,41487,B43242B41487,1991-92,3,3,0.27734375,WSB,3,3,0.265625,0.3125,0.0579,0.529144287
43248,66107,B43248B66107,1991-92,2,2,0.346679688,TPB,2,0,0.318359375,0.265625,0.04924,0.688016411
44837,66165,B44837B66165,1991-92,7,1,0.4375,TPB,1,0,0.25,0.25,0.11355,0.361328125
44846,41464,B44846B41464,1991-92,6,4,0.3046875,WSB,1,0,0.4375,0.25,0.064705,0.522460938
44872,66164,B44872B66164,1991-92,5,1,0.28125,WSB,1,0,0.25,0.375,0.066215,0.462890625
66114,66188,B66114B66188,1991-92,2,1,0.299316406,TPB,1,1,0.3125,0.3046875,0.04074,0.722706689
66124,45206,B66124B45206,1991-92,2,2,0.307128906,MGR,1,1,0.326171875,0.296875,0.05146,0.619241068
66126,66131,B66126B66131,1991-92,2,2,0.340820313,TPB,2,0,0.265625,0.33203125,0.04898,0.687261939
66134,44895,B66134B44895,1991-92,1,2,0.388671875,MGR,2,2,0.3046875,0.453125,0.05597,0.674764633
66160,66108,B66160B66108,1991-92,1,2,0.310058594,TPB,2,0,0.328125,0.322265625,0.03784,0.767426502
66162,41435,B66162B41435,1991-92,1,5,0.38671875,WSB,3,1,0.25,0.4375,0.06238,0.625091553
66170,66169,B66170B66169,1991-92,1,1,0.46484375,TPB,2,0,0.29296875,0.29296875,0.07406,0.714099789
66176,66161,B66176B66161,1991-92,1,1,0.310058594,WSB,1,1,0.322265625,0.306640625,0.037215,0.771391462
41474,41455,B41474B41455,1992-93,5,5,0.328125,WSB,2,0,0.4375,0.3203125,0.053855,0.647167206
41500,66108,B41500B66108,1992-93,4,3,0.355957031,TPB,1,1,0.328125,0.318359375,0.045775,0.74053004
43225,41489,B43225B41489,1992-93,4,4,0.33203125,WSB,3,1,0.4375,0.25,0.04977,0.677459717
43227,43236,B43227B43236,1992-93,4,4,0.29296875,TPB,4,3,0.25,0.296875,0.051205,0.595632851
43234,66174,B43234B66174,1992-93,4,2,0.36328125,WSB,3,2,0.328125,0.3359375,0.048785,0.720846429
43237,43215,B43237B43215,1992-93,4,4,0.326171875,MGR,4,3,0.265625,0.3046875,0.058555,0.570886612
43238,41481,B43238B41481,1992-93,4,4,0.33203125,TPB,1,0,0.34375,0.28125,0.05959,0.575744629
43241,41499,B43241B41499,1992-93,4,4,0.306640625,WSB,2,2,0.318359375,0.3125,0.05113,0.633473869
43242,45247,B43242B45247,1992-93,4,3,0.373046875,WSB,1,1,0.27734375,0.3125,0.063005,0.60997051
44844,67506,B44844B67506,1992-93,8,2,0.3203125,WSB,1,0,0.318359375,0.375,0.058815,0.585622307
44846,41464,B44846B41464,1992-93,7,5,0.3046875,WSB,2,2,0.4375,0.25,0.064705,0.522460938
44872,66164,B44872B66164,1992-93,6,2,0.28125,WSB,2,1,0.25,0.375,0.066215,0.462890625
45205,45207,B45205B45207,1992-93,3,3,0.357421875,MGR,4,4,0.32421875,0.34375,0.052105,0.670655787
45208,66173,B45208B66173,1992-93,3,2,0.345703125,WSB,1,1,0.328125,0.33203125,0.044115,0.743892998
66114,66188,B66114B66188,1992-93,3,2,0.299316406,TPB,1,1,0.3125,0.3046875,0.04074,0.722706689
66124,45206,B66124B45206,1992-93,3,3,0.307128906,MGR,4,3,0.326171875,0.296875,0.05146,0.619241068
66126,66131,B66126B66131,1992-93,3,3,0.340820313,TPB,1,1,0.265625,0.33203125,0.04898,0.687261939
66134,44895,B66134B44895,1992-93,2,3,0.388671875,MGR,2,1,0.3046875,0.453125,0.05597,0.674764633
66146,45250,B66146B45250,1992-93,2,3,0.388671875,MGR,2,1,0.3046875,0.453125,0.056345,0.674764633
66162,41435,B66162B41435,1992-93,2,6,0.38671875,WSB,3,2,0.25,0.4375,0.06238,0.625091553
66162,43210,B66162B43210,1992-93,2,4,0.5703125,TPB,2,1,0.4375,0.4375,0.07755,0.742370605
66170,66169,B66170B66169,1992-93,2,2,0.46484375,TPB,3,2,0.29296875,0.29296875,0.07406,0.714099789
66176,43206,B66176B43206,1992-93,2,4,0.397460938,WSB,1,0,0.3046875,0.306640625,0.055195,0.719415753
67513,66168,B67513B66168,1992-93,2,2,0.339111328,TPB,1,0,0.29296875,0.29296875,0.04704,0.703371254
68027,41487,B68027B41487,1992-93,1,4,0.295898438,WSB,1,1,0.265625,0.33203125,0.048015,0.64700681
68030,68005,B68030B68005,1992-93,1,1,0.343505859,WSB,1,1,0.30859375,0.30859375,0.038635,0.790620195
68035,41452,B68035B41452,1992-93,1,5,0.303710938,WSB,1,1,0.28125,0.27734375,0.04726,0.658952892
68036,68007,B68036B68007,1992-93,1,1,0.4609375,WSB,1,1,0.27734375,0.27734375,0.078375,0.659733176
41468,66143,B41468B66143,1993-94,6,2,0.365234375,MGR,1,0,0.388671875,0.375,0.0461,0.728773272
41474,41455,B41474B41455,1993-94,6,6,0.328125,WSB,2,2,0.4375,0.3203125,0.053855,0.647167206
41500,66169,B41500B66169,1993-94,5,3,0.299560547,TPB,2,0,0.29296875,0.318359375,0.04109,0.716109702
43207,41443,B43207B41443,1993-94,5,6,0.28515625,WSB,1,0,0.4375,0.34375,0.0512,0.62701416
43227,43236,B43227B43236,1993-94,5,5,0.29296875,TPB,2,0,0.25,0.296875,0.051205,0.595632851
43234,67557,B43234B67557,1993-94,5,2,0.48828125,WSB,2,1,0.30859375,0.3359375,0.075355,0.765422327
43242,45247,B43242B45247,1993-94,5,4,0.373046875,WSB,2,1,0.27734375,0.3125,0.063005,0.60997051
44872,41452,B44872B41452,1993-94,7,6,0.484375,WSB,1,1,0.28125,0.375,0.097365,0.555648804
45205,66137,B45205B66137,1993-94,4,3,0.357421875,MGR,1,1,0.32421875,0.34375,0.05172,0.670655787
66114,66188,B66114B66188,1993-94,4,3,0.299316406,TPB,3,1,0.3125,0.3046875,0.04074,0.722706689
66124,45206,B66124B45206,1993-94,4,4,0.307128906,MGR,2,2,0.326171875,0.296875,0.05146,0.619241068
66126,41484,B66126B41484,1993-94,4,5,0.287109375,TPB,2,1,0.3125,0.33203125,0.04942,0.632719398
66134,44895,B66134B44895,1993-94,3,4,0.388671875,MGR,2,2,0.3046875,0.453125,0.05597,0.674764633
66162,43210,B66162B43210,1993-94,3,5,0.5703125,TPB,3,0,0.4375,0.4375,0.07755,0.742370605
67504,66161,B67504B66161,1993-94,3,3,0.318847656,WSB,2,0,0.322265625,0.2890625,0.04042,0.745353397
67504,68039,B67504B68039,1993-94,3,2,0.352294922,WSB,1,0,0.310058594,0.2890625,0.03981,0.78053388
67513,41481,B67513B41481,1993-94,3,5,0.323242188,TPB,2,0,0.34375,0.29296875,0.04923,0.657905832
67540,67527,B67540B67527,1993-94,1,1,0.383789063,WSB,1,1,0.38671875,0.3046875,0.0501,0.7190184
67542,67526,B67542B67526,1993-94,1,1,0.354003906,WSB,1,1,0.38671875,0.295898438,0.041895,0.760766311
67544,67502,B67544B67502,1993-94,1,3,0.296875,WSB,2,1,0.25,0.373046875,0.050115,0.634570834
67546,67539,B67546B67539,1993-94,1,1,0.3515625,WSB,2,1,0.3046875,0.36328125,0.04448,0.745109404
67564,67549,B67564B67549,1993-94,1,1,0.298339844,WSB,1,0,0.303710938,0.29296875,0.03911,0.738316209
67566,67574,B67566B67574,1993-94,1,1,0.326660156,WSB,3,0,0.28125,0.299316406,0.04535,0.709828882
67577,67530,B67577B67530,1993-94,1,1,0.307128906,TPB,1,1,0.29296875,0.5703125,0.03504,0.801699829
68013,66163,B68013B66163,1993-94,2,3,0.388671875,WSB,2,2,0.3046875,0.2890625,0.056235,0.693377689
68027,41487,B68027B41487,1993-94,2,5,0.295898438,WSB,2,1,0.265625,0.33203125,0.048015,0.64700681
68029,67506,B68029B67506,1993-94,2,3,0.328857422,WSB,3,1,0.318359375,0.30859375,0.040955,0.755252117
68030,68005,B68030B68005,1993-94,2,2,0.343505859,WSB,2,1,0.30859375,0.30859375,0.038635,0.790620195
68034,41499,B68034B41499,1993-94,2,5,0.321777344,WSB,1,1,0.318359375,0.38671875,0.042505,0.744097646
68035,43218,B68035B43218,1993-94,2,5,0.321289063,WSB,1,0,0.3046875,0.27734375,0.049225,0.663847148
68048,44882,B68048B44882,1993-94,1,7,0.395507813,MGR,2,2,0.28125,0.344238281,0.05699,0.672638136
41468,66143,B41468B66143,1994-95,7,3,0.365234375,MGR,1,1,0.388671875,0.375,0.0461,0.728773272
41474,41455,B41474B41455,1994-95,7,7,0.328125,WSB,2,2,0.4375,0.3203125,0.053855,0.647167206
41500,66169,B41500B66169,1994-95,6,4,0.299560547,TPB,2,2,0.29296875,0.318359375,0.04109,0.716109702
43207,41443,B43207B41443,1994-95,6,7,0.28515625,WSB,3,2,0.4375,0.34375,0.0512,0.62701416
43234,67557,B43234B67557,1994-95,6,3,0.48828125,WSB,2,0,0.30859375,0.3359375,0.075355,0.765422327
43237,73021,B43237B73021,1994-95,6,1,0.401367188,MGR,2,1,0.388671875,0.3046875,0.05267,0.716743624
43242,45247,B43242B45247,1994-95,6,5,0.373046875,WSB,1,1,0.27734375,0.3125,0.063005,0.60997051
44844,68014,B44844B68014,1994-95,10,3,0.26953125,WSB,2,1,0.322265625,0.375,0.05003,0.612518769
45205,66137,B45205B66137,1994-95,5,4,0.357421875,MGR,1,0,0.32421875,0.34375,0.05172,0.670655787
45208,66173,B45208B66173,1994-95,5,4,0.345703125,WSB,2,2,0.328125,0.33203125,0.044115,0.743892998
66126,41484,B66126B41484,1994-95,5,6,0.287109375,TPB,3,0,0.3125,0.33203125,0.04942,0.632719398
66134,44895,B66134B44895,1994-95,4,5,0.388671875,MGR,2,0,0.3046875,0.453125,0.05597,0.674764633
66144,66133,B66144B66133,1994-95,3,4,0.465820313,MGR,2,2,0.453125,0.388671875,0.056645,0.759195482
66162,66188,B66162B66188,1994-95,4,4,0.304199219,TPB,4,0,0.3125,0.4375,0.039465,0.763985528
67504,68039,B67504B68039,1994-95,4,3,0.352294922,WSB,1,1,0.310058594,0.2890625,0.03981,0.78053388
67540,66163,B67540B66163,1994-95,2,4,0.48828125,WSB,2,1,0.3046875,0.3046875,0.07955,0.667961121
67542,67526,B67542B67526,1994-95,2,2,0.354003906,WSB,1,1,0.38671875,0.295898438,0.041895,0.760766311
67546,67539,B67546B67539,1994-95,2,2,0.3515625,WSB,4,4,0.3046875,0.36328125,0.04448,0.745109404
67561,66161,B67561B66161,1994-95,2,4,0.293945313,WSB,1,0,0.322265625,0.33203125,0.037055,0.778232854
67564,72810,B67564B72810,1994-95,2,1,0.316223145,TPB,3,1,0.299316406,0.29296875,0.038885,0.759902458
67566,41466,B67566B41466,1994-95,2,7,0.349121094,WSB,2,1,0.3125,0.299316406,0.04995,0.677266626
67584,72803,B67584B72803,1994-95,1,1,0.356994629,WSB,1,1,0.383789063,0.326904297,0.03588,0.825797547
67586,67585,B67586B67585,1994-95,1,1,0.338012695,WSB,2,1,0.326904297,0.388671875,0.034875,0.818646093
67588,66164,B67588B66164,1994-95,1,4,0.30078125,WSB,2,1,0.25,0.388671875,0.046415,0.642604704
67595,67569,B67595B67569,1994-95,1,2,0.34375,WSB,2,1,0.306640625,0.3515625,0.037905,0.790292525
67596,72809,B67596B72809,1994-95,1,1,0.341033936,TPB,1,1,0.343505859,0.296875,0.036635,0.802800501
68013,43203,B68013B43203,1994-95,3,6,0.325195313,WSB,3,2,0.359375,0.2890625,0.04705,0.693766788
68027,41487,B68027B41487,1994-95,3,6,0.295898438,WSB,3,3,0.265625,0.33203125,0.048015,0.64700681
68029,67506,B68029B67506,1994-95,3,4,0.328857422,WSB,4,4,0.318359375,0.30859375,0.040955,0.755252117
68030,68005,B68030B68005,1994-95,3,3,0.343505859,WSB,4,1,0.30859375,0.30859375,0.038635,0.790620195
68034,41499,B68034B41499,1994-95,3,6,0.321777344,WSB,4,3,0.318359375,0.38671875,0.042505,0.744097646
68036,67505,B68036B67505,1994-95,3,4,0.4609375,WSB,2,0,0.27734375,0.27734375,0.078265,0.659733176
68048,44882,B68048B44882,1994-95,2,8,0.395507813,MGR,1,0,0.28125,0.344238281,0.05699,0.672638136
72804,72829,B72804B72829,1994-95,1,1,0.306640625,WSB,1,1,0.373046875,0.354003906,0.03444,0.800462882
72821,67598,B72821B67598,1994-95,1,1,0.294189453,TPB,2,1,0.484375,0.287109375,0.038035,0.754525258
72825,67530,B72825B67530,1994-95,1,2,0.309143066,TPB,1,0,0.29296875,0.328857422,0.03636,0.774919532
73003,46769,B73003B46769,1994-95,2,2,0.356933594,MGR,2,2,0.357421875,0.388671875,0.039305,0.794772543
77512,67519,B77512B67519,1994-95,3,3,0.311767578,TPB,2,1,0.2578125,0.29296875,0.04371,0.704877448
43234,67557,B43234B67557,1995-96,7,4,0.48828125,WSB,3,2,0.30859375,0.3359375,0.075355,0.765422327
43237,44882,B43237B44882,1995-96,7,9,0.47265625,MGR,1,1,0.28125,0.3046875,0.092205,0.580316544
44844,72841,B44844B72841,1995-96,11,1,0.39453125,WSB,1,0,0.321777344,0.375,0.0594,0.639783113
44846,72857,B44846B72857,1995-96,10,1,0.46484375,WSB,2,0,0.48828125,0.25,0.08152,0.62207599
45205,66137,B45205B66137,1995-96,6,5,0.357421875,MGR,2,1,0.32421875,0.34375,0.05172,0.670655787
45208,66173,B45208B66173,1995-96,6,5,0.345703125,WSB,1,1,0.328125,0.33203125,0.044115,0.743892998
66124,73016,B66124B73016,1995-96,6,2,0.332397461,MGR,1,1,0.395507813,0.296875,0.048615,0.664871558
66134,44895,B66134B44895,1995-96,5,6,0.388671875,MGR,1,1,0.3046875,0.453125,0.05597,0.674764633
66146,66143,B66146B66143,1995-96,5,4,0.465820313,MGR,2,1,0.388671875,0.453125,0.05667,0.759195482
66162,66188,B66162B66188,1995-96,5,5,0.304199219,TPB,4,1,0.3125,0.4375,0.039465,0.763985528
67504,68039,B67504B68039,1995-96,5,4,0.352294922,WSB,2,1,0.310058594,0.2890625,0.03981,0.78053388
67540,66163,B67540B66163,1995-96,3,5,0.48828125,WSB,3,1,0.3046875,0.3046875,0.07955,0.667961121
67542,67526,B67542B67526,1995-96,3,3,0.354003906,WSB,2,2,0.38671875,0.295898438,0.041895,0.760766311
67546,67539,B67546B67539,1995-96,3,3,0.3515625,WSB,3,1,0.3046875,0.36328125,0.04448,0.745109404
67561,66161,B67561B66161,1995-96,3,5,0.293945313,WSB,1,0,0.322265625,0.33203125,0.037055,0.778232854
67564,66180,B67564B66180,1995-96,3,5,0.307128906,TPB,1,0,0.5703125,0.29296875,0.03436,0.801699829
67584,72810,B67584B72810,1995-96,2,2,0.33026123,TPB,1,1,0.299316406,0.326904297,0.034595,0.815222078
67586,72855,B67586B72855,1995-96,2,1,0.356445313,WSB,4,2,0.28515625,0.388671875,0.040575,0.77296328
67588,41443,B67588B41443,1995-96,2,8,0.380859375,WSB,2,2,0.4375,0.388671875,0.048345,0.721706266
67595,67569,B67595B67569,1995-96,2,3,0.34375,WSB,2,2,0.306640625,0.3515625,0.037905,0.790292525
67596,72809,B67596B72809,1995-96,2,2,0.341033936,TPB,1,1,0.343505859,0.296875,0.036635,0.802800501
68013,43203,B68013B43203,1995-96,4,7,0.325195313,WSB,3,1,0.359375,0.2890625,0.04705,0.693766788
68027,41487,B68027B41487,1995-96,4,7,0.295898438,WSB,2,0,0.265625,0.33203125,0.048015,0.64700681
68029,67506,B68029B67506,1995-96,4,5,0.328857422,WSB,2,2,0.318359375,0.30859375,0.040955,0.755252117
68030,41455,B68030B41455,1995-96,4,8,0.33203125,WSB,1,1,0.4375,0.30859375,0.04494,0.711621998
68035,72801,B68035B72801,1995-96,4,2,0.328613281,WSB,4,4,0.328125,0.27734375,0.0451,0.711336821
68046,73022,B68046B73022,1995-96,3,2,0.350830078,MGR,2,2,0.388671875,0.307128906,0.041015,0.768678808
68048,73050,B68048B73050,1995-96,3,2,0.384277344,MGR,2,2,0.307128906,0.344238281,0.04487,0.776569551
72825,66169,B72825B66169,1995-96,2,5,0.309143066,TPB,1,0,0.29296875,0.328857422,0.03653,0.774919532
72826,72803,B72826B72803,1995-96,2,2,0.391723633,WSB,1,0,0.383789063,0.321777344,0.039605,0.826648645
72838,77515,B72838B77515,1995-96,1,1,0.372802734,WSB,2,1,0.356994629,0.3515625,0.033355,0.861353133
72845,72842,B72845B72842,1995-96,1,1,0.371826172,WSB,1,1,0.321777344,0.328125,0.040175,0.794690846
72851,72843,B72851B72843,1995-96,1,1,0.311706543,WSB,2,0,0.325195313,0.354003906,0.0333,0.819404182
72854,72890,B72854B72890,1995-96,1,1,0.344238281,TPB,1,0,0.311767578,0.28515625,0.040735,0.765130248
72866,72887,B72866B72887,1995-96,1,1,0.316467285,WSB,1,1,0.328125,0.316223145,0.03389,0.799383662
72870,67598,B72870B67598,1995-96,1,2,0.324829102,TPB,1,0,0.484375,0.352294922,0.03437,0.814366047
72872,72839,B72872B72839,1995-96,1,1,0.326660156,WSB,2,1,0.3515625,0.295898438,0.03639,0.793088161
72873,45247,B72873B45247,1995-96,1,6,0.294433594,WSB,1,1,0.27734375,0.295898438,0.04119,0.711284919
72876,72892,B72876B72892,1995-96,1,1,0.426513672,WSB,2,2,0.3515625,0.34375,0.043995,0.848549424
72877,77503,B72877B77503,1995-96,1,1,0.313110352,WSB,1,1,0.321777344,0.373046875,0.036245,0.790955509
72893,67530,B72893B67530,1995-96,1,3,0.382202148,TPB,1,1,0.29296875,0.299560547,0.0497,0.757625912
73002,73021,B73002B73021,1995-96,3,2,0.5390625,MGR,2,1,0.388671875,0.388671875,0.068895,0.801174473
73008,73012,B73008B73012,1995-96,3,2,0.372802734,MGR,2,1,0.307128906,0.33984375,0.047325,0.733533966
73015,68043,B73015B68043,1995-96,2,3,0.409790039,MGR,1,1,0.33984375,0.395507813,0.04888,0.766498551
73029,73032,B73029B73032,1995-96,1,1,0.405639648,MGR,2,1,0.465820313,0.356933594,0.034885,0.869696117
77511,67590,B77511B67590,1995-96,1,2,0.354003906,WSB,1,1,0.295898438,0.306640625,0.038945,0.806553006
41474,68039,B41474B68039,1996-97,9,5,0.334228516,WSB,1,1,0.310058594,0.3203125,0.039575,0.75287427
43207,41466,B43207B41466,1996-97,8,9,0.29296875,WSB,2,2,0.3125,0.34375,0.05544,0.585998535
45205,66137,B45205B66137,1996-97,7,6,0.357421875,MGR,1,1,0.32421875,0.34375,0.05172,0.670655787
46768,73032,B46768B73032,1996-97,5,2,0.413574219,MGR,1,1,0.465820313,0.33984375,0.043395,0.801125954
66114,41452,B66114B41452,1996-97,7,9,0.302734375,WSB,1,1,0.28125,0.3046875,0.0475,0.658992767
66124,44882,B66124B44882,1996-97,7,10,0.310546875,MGR,2,2,0.28125,0.296875,0.062005,0.527975559
66134,44895,B66134B44895,1996-97,6,7,0.388671875,MGR,2,2,0.3046875,0.453125,0.05597,0.674764633
67584,66188,B67584B66188,1996-97,3,6,0.336547852,TPB,2,1,0.3125,0.326904297,0.03609,0.80516974
67586,72855,B67586B72855,1996-97,3,2,0.356445313,WSB,2,1,0.28515625,0.388671875,0.040575,0.77296328
67595,67569,B67595B67569,1996-97,3,4,0.34375,WSB,3,3,0.306640625,0.3515625,0.037905,0.790292525
67596,72883,B67596B72883,1996-97,3,2,0.341033936,TPB,3,3,0.343505859,0.296875,0.036915,0.802800501
68013,72841,B68013B72841,1996-97,5,2,0.329101563,WSB,1,1,0.321777344,0.2890625,0.038585,0.772617741
68027,41487,B68027B41487,1996-97,5,8,0.295898438,WSB,2,1,0.265625,0.33203125,0.048015,0.64700681
68029,66163,B68029B66163,1996-97,5,6,0.324707031,WSB,1,1,0.3046875,0.30859375,0.041575,0.730172871
68030,41455,B68030B41455,1996-97,5,9,0.33203125,WSB,1,1,0.4375,0.30859375,0.04494,0.711621998
68034,41499,B68034B41499,1996-97,5,8,0.321777344,WSB,2,1,0.318359375,0.38671875,0.042505,0.744097646
68035,72801,B68035B72801,1996-97,5,3,0.328613281,WSB,2,2,0.328125,0.27734375,0.0451,0.711336821
68046,73022,B68046B73022,1996-97,4,3,0.350830078,MGR,2,2,0.388671875,0.307128906,0.041015,0.768678808
68048,73050,B68048B73050,1996-97,4,3,0.384277344,MGR,2,2,0.307128906,0.344238281,0.04487,0.776569551
72804,72874,B72804B72874,1996-97,3,2,0.413330078,WSB,1,1,0.295898438,0.354003906,0.04912,0.798456457
72826,72803,B72826B72803,1996-97,3,3,0.391723633,WSB,2,2,0.383789063,0.321777344,0.039605,0.826648645
72838,72810,B72838B72810,1996-97,2,3,0.319824219,TPB,2,0,0.299316406,0.3515625,0.033415,0.820212253
72845,72842,B72845B72842,1996-97,2,2,0.371826172,WSB,1,0,0.321777344,0.328125,0.040175,0.794690846
72851,72843,B72851B72843,1996-97,2,2,0.311706543,WSB,1,1,0.325195313,0.354003906,0.0333,0.819404182
72853,72879,B72853B72879,1996-97,2,2,0.315368652,WSB,1,1,0.30078125,0.328857422,0.035195,0.792920891
72854,72890,B72854B72890,1996-97,2,2,0.344238281,TPB,1,1,0.311767578,0.28515625,0.040735,0.765130248
72866,72887,B72866B72887,1996-97,2,2,0.316467285,WSB,2,1,0.328125,0.316223145,0.03389,0.799383662
72872,72839,B72872B72839,1996-97,2,2,0.326660156,WSB,1,1,0.3515625,0.295898438,0.03639,0.793088161
72872,77535,B72872B77535,1996-97,2,1,0.310668945,WSB,2,1,0.352294922,0.295898438,0.033825,0.804653811
72873,45247,B72873B45247,1996-97,2,7,0.294433594,WSB,3,2,0.27734375,0.295898438,0.04119,0.711284919
72877,77503,B72877B77503,1996-97,2,2,0.313110352,WSB,4,3,0.321777344,0.373046875,0.036245,0.790955509
72880,66180,B72880B66180,1996-97,2,6,0.420898438,TPB,4,0,0.5703125,0.345703125,0.037415,0.860864929
73002,73021,B73002B73021,1996-97,4,3,0.5390625,MGR,1,1,0.388671875,0.388671875,0.068895,0.801174473
73029,73032,B73029B73032,1996-97,2,2,0.405639648,MGR,1,0,0.465820313,0.356933594,0.034885,0.869696117
73031,73027,B73031B73027,1996-97,2,2,0.394866943,MGR,1,0,0.365234375,0.368408203,0.038085,0.841015097
73033,73028,B73033B73028,1996-97,2,2,0.405639648,MGR,1,1,0.356933594,0.465820313,0.035175,0.869696117
73047,66143,B73047B66143,1996-97,1,5,0.382446289,MGR,1,1,0.388671875,0.372802734,0.040035,0.817023853
77511,67590,B77511B67590,1996-97,2,3,0.354003906,WSB,2,2,0.295898438,0.306640625,0.038945,0.806553006
77526,72850,B77526B72850,1996-97,1,1,0.33813858,TPB,1,0,0.341033936,0.372802734,0.027115,0.891546643
77542,77529,B77542B77529,1996-97,1,1,0.323059082,WSB,2,1,0.325195313,0.426513672,0.030125,0.853248779
77548,77522,B77548B77522,1996-97,1,1,0.343582153,WSB,2,2,0.34375,0.341033936,0.03006,0.866215846
77563,72847,B77563B72847,1996-97,1,2,0.315734863,WSB,1,1,0.349121094,0.356445313,0.03209,0.821914555
77566,72889,B77566B72889,1996-97,1,2,0.426940918,WSB,2,2,0.328857422,0.316467285,0.03239,0.849305722
77569,72857,B77569B72857,1996-97,1,2,0.5703125,WSB,2,1,0.48828125,0.48828125,0.068475,0.83008948
77571,67505,B77571B67505,1996-97,1,6,0.322021484,WSB,2,2,0.27734375,0.380859375,0.0403,0.74371511
77572,72899,B77572B72899,1996-97,1,2,0.414215088,WSB,2,1,0.338012695,0.380859375,0.040055,0.85382153
77582,77545,B77582B77545,1996-97,1,1,0.411376953,WSB,1,0,0.48828125,0.33203125,0.041095,0.843667356
79715,77544,B79715B77544,1996-97,1,1,0.324462891,TPB,1,1,0.382202148,0.371826172,0.029345,0.860645986
43207,41466,B43207B41466,1997-98,9,10,0.29296875,WSB,1,0,0.3125,0.34375,0.05544,0.585998535
45205,66137,B45205B66137,1997-98,8,7,0.357421875,MGR,1,1,0.32421875,0.34375,0.05172,0.670655787
66114,41452,B66114B41452,1997-98,8,10,0.302734375,WSB,1,1,0.28125,0.3046875,0.0475,0.658992767
66124,44882,B66124B44882,1997-98,8,11,0.310546875,MGR,1,1,0.28125,0.296875,0.062005,0.527975559
66134,44895,B66134B44895,1997-98,7,8,0.388671875,MGR,2,2,0.3046875,0.453125,0.05597,0.674764633
67584,66188,B67584B66188,1997-98,4,7,0.336547852,TPB,1,0,0.3125,0.326904297,0.03609,0.80516974
67586,72855,B67586B72855,1997-98,4,3,0.356445313,WSB,3,3,0.28515625,0.388671875,0.040575,0.77296328
67596,77574,B67596B77574,1997-98,4,2,0.356384277,TPB,1,1,0.294433594,0.296875,0.04349,0.769674978
68013,72841,B68013B72841,1997-98,6,3,0.329101563,WSB,2,0,0.321777344,0.2890625,0.038585,0.772617741
68027,68039,B68027B68039,1997-98,6,6,0.309326172,WSB,2,2,0.310058594,0.33203125,0.034185,0.813413337
68029,77523,B68029B77523,1997-98,6,2,0.356750488,WSB,3,3,0.34375,0.30859375,0.03612,0.827382045
68030,41455,B68030B41455,1997-98,6,10,0.33203125,WSB,2,1,0.4375,0.30859375,0.04494,0.711621998
68046,73022,B68046B73022,1997-98,5,4,0.350830078,MGR,2,2,0.388671875,0.307128906,0.041015,0.768678808
68048,73050,B68048B73050,1997-98,5,4,0.384277344,MGR,2,1,0.307128906,0.344238281,0.04487,0.776569551
72826,72803,B72826B72803,1997-98,4,4,0.391723633,WSB,1,1,0.383789063,0.321777344,0.039605,0.826648645
72851,67505,B72851B67505,1997-98,3,7,0.349243164,WSB,2,2,0.27734375,0.354003906,0.044625,0.752594574
72854,66180,B72854B66180,1997-98,3,7,0.434570313,TPB,1,0,0.5703125,0.28515625,0.046205,0.811336637
72866,72887,B72866B72887,1997-98,3,3,0.316467285,WSB,3,3,0.328125,0.316223145,0.03389,0.799383662
72873,45247,B72873B45247,1997-98,3,8,0.294433594,WSB,3,3,0.27734375,0.295898438,0.04119,0.711284919
72877,77503,B72877B77503,1997-98,3,3,0.313110352,WSB,2,1,0.321777344,0.373046875,0.036245,0.790955509
73002,73021,B73002B73021,1997-98,5,4,0.5390625,MGR,2,1,0.388671875,0.388671875,0.068895,0.801174473
73003,46769,B73003B46769,1997-98,5,5,0.356933594,MGR,1,1,0.357421875,0.388671875,0.039305,0.794772543
73008,73037,B73008B73037,1997-98,5,2,0.397949219,MGR,2,1,0.384277344,0.33984375,0.043145,0.7966568
73015,68043,B73015B68043,1997-98,4,5,0.409790039,MGR,1,0,0.33984375,0.395507813,0.04888,0.766498551
73031,73027,B73031B73027,1997-98,3,3,0.394866943,MGR,1,0,0.365234375,0.368408203,0.038085,0.841015097
73041,73056,B73041B73056,1997-98,2,2,0.378112793,MGR,2,1,0.405639648,0.364746094,0.030845,0.881745965
77509,67530,B77509B67530,1997-98,3,5,0.46484375,TPB,4,2,0.29296875,0.29296875,0.073815,0.714099789
77511,72874,B77511B72874,1997-98,3,3,0.354003906,WSB,1,1,0.295898438,0.306640625,0.0389,0.806553006
77524,77584,B77524B77584,1997-98,2,2,0.39151001,TPB,5,2,0.304199219,0.354003906,0.038675,0.840618459
77542,72847,B77542B72847,1997-98,2,3,0.340789795,WSB,2,1,0.349121094,0.426513672,0.03118,0.85154241
77548,77522,B77548B77522,1997-98,2,2,0.343582153,WSB,3,2,0.34375,0.341033936,0.03006,0.866215846
77563,41443,B77563B41443,1997-98,2,10,0.44140625,WSB,1,1,0.4375,0.356445313,0.056785,0.742374415
77566,72879,B77566B72879,1997-98,2,3,0.324035645,WSB,1,0,0.30078125,0.316467285,0.03489,0.806487339
77571,77525,B77571B77525,1997-98,2,2,0.386199951,WSB,2,2,0.354003906,0.380859375,0.03724,0.836576508
77572,79703,B77572B79703,1997-98,2,1,0.347625732,WSB,1,0,0.343582153,0.380859375,0.03019,0.869939369
77575,77556,B77575B77556,1997-98,2,2,0.41796875,WSB,2,2,0.326660156,0.3515625,0.043775,0.847698697
77576,67526,B77576B67526,1997-98,2,5,0.33605957,WSB,2,1,0.38671875,0.33026123,0.034035,0.82316137
77582,77545,B77582B77545,1997-98,2,2,0.411376953,WSB,4,2,0.48828125,0.33203125,0.041095,0.843667356
77590,72839,B77590B72839,1997-98,1,3,0.334228516,WSB,2,2,0.3515625,0.354003906,0.03018,0.854876688
77592,67539,B77592B67539,1997-98,1,5,0.336669922,WSB,2,2,0.3046875,0.313110352,0.038475,0.762185312
77593,77541,B77593B77541,1997-98,1,2,0.340026855,TPB,2,2,0.426513672,0.29296875,0.034265,0.810216596
77596,72892,B77596B72892,1997-98,1,3,0.41796875,WSB,1,1,0.3515625,0.326660156,0.043425,0.847698697
77600,72842,B77600B72842,1997-98,1,3,0.445373535,WSB,1,1,0.321777344,0.391723633,0.045225,0.860497847
79701,72850,B79701B72850,1997-98,1,3,0.332580566,TPB,1,0,0.341033936,0.302734375,0.03394,0.816139801
79702,79751,B79702B79751,1997-98,1,1,0.350608826,TPB,1,1,0.391723633,0.343582153,0.026905,0.903368081
79710,72810,B79710B72810,1997-98,1,4,0.328704834,TPB,1,1,0.299316406,0.316467285,0.046065,0.834288648
79727,79704,B79727B79704,1997-98,1,1,0.330932617,WSB,2,1,0.294433594,0.33203125,0.036415,0.801832422
79733,79713,B79733B79713,1997-98,1,1,0.335655212,TPB,2,0,0.341033936,0.315368652,0.029525,0.864139687
79734,77544,B79734B77544,1997-98,1,2,0.507781982,TPB,1,0,0.382202148,0.324462891,0.061565,0.878061501
79737,79718,B79737B79718,1997-98,1,1,0.359436035,WSB,1,1,0.295898438,0.311706543,0.038155,0.813577012
79744,77586,B79744B77586,1997-98,1,1,0.347106934,WSB,1,1,0.356445313,0.310668945,0.031005,0.85961563
79750,77597,B79750B77597,1997-98,1,1,0.325927734,WSB,2,1,0.324707031,0.294433594,0.035175,0.807039987
79756,77591,B79756B77591,1997-98,1,1,0.348648071,TPB,2,2,0.313110352,0.336547852,0.03125,0.863574474
45205,66137,B45205B66137,1998-99,9,8,0.357421875,MGR,1,1,0.32421875,0.34375,0.05172,0.670655787
66134,44895,B66134B44895,1998-99,8,9,0.388671875,MGR,2,1,0.3046875,0.453125,0.05597,0.674764633
67584,72810,B67584B72810,1998-99,5,5,0.33026123,TPB,3,2,0.299316406,0.326904297,0.034595,0.815222078
67586,72855,B67586B72855,1998-99,5,4,0.356445313,WSB,3,1,0.28515625,0.388671875,0.040575,0.77296328
68013,41499,B68013B41499,1998-99,7,10,0.321289063,WSB,3,2,0.318359375,0.2890625,0.04359,0.718456935
68027,68039,B68027B68039,1998-99,7,7,0.309326172,WSB,2,2,0.310058594,0.33203125,0.034185,0.813413337
68030,66173,B68030B66173,1998-99,7,8,0.3515625,WSB,1,1,0.328125,0.30859375,0.043605,0.747808723
68035,72801,B68035B72801,1998-99,7,5,0.328613281,WSB,1,0,0.328125,0.27734375,0.0451,0.711336821
68046,73022,B68046B73022,1998-99,6,5,0.350830078,MGR,2,2,0.388671875,0.307128906,0.041015,0.768678808
68048,73050,B68048B73050,1998-99,6,5,0.384277344,MGR,2,2,0.307128906,0.344238281,0.04487,0.776569551
72826,79742,B72826B79742,1998-99,5,2,0.357116699,WSB,2,2,0.343070984,0.321777344,0.031375,0.863722891
72851,72842,B72851B72842,1998-99,4,4,0.387023926,WSB,2,2,0.321777344,0.354003906,0.038655,0.835948599
72854,79763,B72854B79763,1998-99,4,1,0.342407227,TPB,3,1,0.313110352,0.28515625,0.036955,0.794891453
72866,72887,B72866B72887,1998-99,4,4,0.316467285,WSB,2,0,0.328125,0.316223145,0.03389,0.799383662
72877,77503,B72877B77503,1998-99,4,4,0.313110352,WSB,4,3,0.321777344,0.373046875,0.036245,0.790955509
73002,73071,B73002B73071,1998-99,6,2,0.460754395,MGR,1,0,0.382446289,0.388671875,0.0468,0.844088437
73003,73073,B73003B73073,1998-99,6,2,0.395019531,MGR,1,1,0.310546875,0.388671875,0.049885,0.737867874
73008,73037,B73008B73037,1998-99,6,3,0.397949219,MGR,2,0,0.384277344,0.33984375,0.043145,0.7966568
73015,68043,B73015B68043,1998-99,5,6,0.409790039,MGR,2,2,0.33984375,0.395507813,0.04888,0.766498551
73041,73056,B73041B73056,1998-99,3,3,0.378112793,MGR,3,3,0.405639648,0.364746094,0.030845,0.881745965
73045,73043,B73045B73043,1998-99,3,3,0.432128906,MGR,1,0,0.5390625,0.47265625,0.03918,0.843518205
73046,73038,B73046B73038,1998-99,3,3,0.433563232,MGR,1,0,0.384277344,0.332397461,0.048385,0.819348106
73047,73027,B73047B73027,1998-99,3,4,0.42376709,MGR,3,3,0.365234375,0.372802734,0.043545,0.830353914
73072,73069,B73072B73069,1998-99,2,2,0.408447266,MGR,1,0,0.413574219,0.310546875,0.045025,0.778968203
73074,73077,B73074B73077,1998-99,2,2,0.5390625,MGR,1,1,0.388671875,0.5390625,0.0565,0.854764166
77524,77584,B77524B77584,1998-99,3,3,0.39151001,TPB,2,0,0.304199219,0.354003906,0.038675,0.840618459
77542,72847,B77542B72847,1998-99,3,4,0.340789795,WSB,1,1,0.349121094,0.426513672,0.03118,0.85154241
77548,77522,B77548B77522,1998-99,3,3,0.343582153,WSB,3,2,0.34375,0.341033936,0.03006,0.866215846
77563,41443,B77563B41443,1998-99,3,11,0.44140625,WSB,2,1,0.4375,0.356445313,0.056785,0.742374415
77566,79739,B77566B79739,1998-99,3,2,0.345985413,WSB,2,1,0.323059082,0.316467285,0.026795,0.881765132
77571,80619,B77571B80619,1998-99,3,1,0.354110718,WSB,2,2,0.349243164,0.380859375,0.034635,0.833348136
77572,79703,B77572B79703,1998-99,3,2,0.347625732,WSB,2,1,0.343582153,0.380859375,0.03019,0.869939369
77576,67526,B77576B67526,1998-99,3,6,0.33605957,WSB,3,2,0.38671875,0.33026123,0.034035,0.82316137
77587,72889,B77587B72889,1998-99,2,4,0.323364258,WSB,2,1,0.328857422,0.413330078,0.030155,0.85874987
77590,72839,B77590B72839,1998-99,2,4,0.334228516,WSB,2,1,0.3515625,0.354003906,0.03018,0.854876688
77592,77565,B77592B77565,1998-99,2,3,0.493408203,WSB,3,0,0.313110352,0.313110352,0.060595,0.856409503
77593,77597,B77593B77597,1998-99,2,2,0.33190918,WSB,2,1,0.324707031,0.29296875,0.04006,0.762537832
77596,79754,B77596B79754,1998-99,2,2,0.333831787,WSB,1,1,0.313110352,0.326660156,0.03001,0.858543759
79304,73076,B79304B73076,1998-99,1,2,0.512390137,MGR,1,0,0.350830078,0.350830078,0.06221,0.84983324
79311,73066,B79311B73066,1998-99,1,2,0.372558594,MGR,1,0,0.384277344,0.388671875,0.035935,0.831801642
79701,72850,B79701B72850,1998-99,2,4,0.332580566,TPB,1,1,0.341033936,0.302734375,0.03394,0.816139801
79702,79751,B79702B79751,1998-99,2,2,0.350608826,TPB,1,0,0.391723633,0.343582153,0.026905,0.903368081
79712,77579,B79712B77579,1998-99,2,3,0.343597412,TPB,3,1,0.328613281,0.341033936,0.03258,0.838123799
79714,77535,B79714B77535,1998-99,2,3,0.338920593,WSB,1,1,0.352294922,0.315734863,0.02974,0.867996509
79737,79718,B79737B79718,1998-99,2,2,0.359436035,WSB,1,0,0.295898438,0.311706543,0.038155,0.813577012
79755,72892,B79755B72892,1998-99,2,4,0.341247559,WSB,2,1,0.3515625,0.344238281,0.03296,0.840350393
79756,80633,B79756B80633,1998-99,2,1,0.326782227,TPB,1,1,0.309326172,0.336547852,0.028305,0.87093446
79756,80641,B79756B80641,1998-99,2,1,0.301177979,TPB,2,1,0.46484375,0.336547852,0.02728,0.85886908
79771,79743,B79771B79743,1998-99,1,1,0.359451294,WSB,2,1,0.329101563,0.33605957,0.032605,0.865019641
79778,79775,B79778B79775,1998-99,1,1,0.33581543,WSB,1,0,0.294433594,0.411376953,0.02987,0.85213567
79783,80629,B79783B80629,1998-99,1,1,0.39384079,WSB,1,0,0.356750488,0.343582153,0.03229,0.900572639
79786,79767,B79786B79767,1998-99,1,1,0.33936882,WSB,1,0,0.356750488,0.358078003,0.026965,0.893325323
80504,80507,B80504B80507,1998-99,1,1,0.391479492,MGR,1,1,0.356933594,0.364746094,0.037075,0.854482254
80605,80635,B80605B80635,1998-99,1,1,0.363300323,TPB,1,0,0.39151001,0.348648071,0.02842,0.907078449
80613,79724,B80613B79724,1998-99,1,2,0.384277344,WSB,2,1,0.5703125,0.325927734,0.03069,0.89846129
80617,80610,B80617B80610,1998-99,1,1,0.354999542,WSB,1,1,0.356445313,0.334228516,0.02931,0.878635246
80618,77523,B80618B77523,1998-99,1,3,0.379573822,WSB,2,1,0.34375,0.334228516,0.03219,0.882880254
80620,79762,B80620B79762,1998-99,1,1,0.336624146,WSB,2,1,0.356445313,0.349243164,0.031205,0.846444341
80645,80631,B80645B80631,1998-99,1,1,0.328735352,WSB,1,0,0.302734375,0.356384277,0.03487,0.806993287
45205,66137,B45205B66137,1999-00,10,9,0.357421875,MGR,1,1,0.32421875,0.34375,0.05172,0.670655787
68046,73027,B68046B73027,1999-00,7,5,0.383666992,MGR,1,1,0.365234375,0.307128906,0.04342,0.782008869
73006,73032,B73006B73032,1999-00,7,5,0.374755859,MGR,1,1,0.465820313,0.326171875,0.04088,0.791109224
73008,73037,B73008B73037,1999-00,7,4,0.397949219,MGR,2,2,0.384277344,0.33984375,0.043145,0.7966568
73045,73043,B73045B73043,1999-00,4,4,0.432128906,MGR,2,2,0.5390625,0.47265625,0.03918,0.843518205
73046,73038,B73046B73038,1999-00,4,4,0.433563232,MGR,1,0,0.384277344,0.332397461,0.048385,0.819348106
68048,73073,B68048B73073,2000-01,8,4,0.37487793,MGR,2,2,0.310546875,0.344238281,0.04625,0.745758617
73041,77407,B73041B77407,2000-01,5,2,0.53024292,MGR,2,2,0.378112793,0.364746094,0.065485,0.88369936
73045,73043,B73045B73043,2000-01,5,5,0.432128906,MGR,2,2,0.5390625,0.47265625,0.03918,0.843518205
73046,77402,B73046B77402,2000-01,5,2,0.433563232,MGR,1,1,0.384277344,0.332397461,0.04742,0.819348106
73072,73069,B73072B73069,2000-01,4,4,0.408447266,MGR,2,1,0.413574219,0.310546875,0.045025,0.778968203
73074,77410,B73074B77410,2000-01,4,2,0.417297363,MGR,2,0,0.42376709,0.5390625,0.0317,0.905299101
73100,79317,B73100B79317,2000-01,2,3,0.383911133,MGR,1,1,0.5390625,0.391479492,0.028315,0.909901663
77405,73093,B77405B73093,2000-01,2,2,0.5390625,MGR,2,2,0.388671875,0.5390625,0.052495,0.867114915
77412,77404,B77412B77404,2000-01,2,2,0.402709961,MGR,2,1,0.384277344,0.350830078,0.038295,0.856131025
79304,73076,B79304B73076,2000-01,3,4,0.512390137,MGR,1,1,0.350830078,0.350830078,0.06221,0.84983324
79311,44895,B79311B44895,2000-01,3,11,0.520507813,MGR,2,2,0.3046875,0.388671875,0.08453,0.716743624
79315,77411,B79315B77411,2000-01,3,2,0.356201172,MGR,1,1,0.350830078,0.357421875,0.03637,0.819101926
73008,73037,B73008B73037,2001-02,9,6,0.397949219,MGR,1,0,0.384277344,0.33984375,0.043145,0.7966568
73046,77402,B73046B77402,2001-02,6,3,0.433563232,MGR,1,1,0.384277344,0.332397461,0.04742,0.819348106
73072,73069,B73072B73069,2001-02,5,5,0.408447266,MGR,2,1,0.413574219,0.310546875,0.045025,0.778968203
73074,73093,B73074B73093,2001-02,5,3,0.5390625,MGR,2,2,0.388671875,0.5390625,0.05614,0.854764166
77405,77438,B77405B77438,2001-02,3,1,0.654296875,MGR,1,0,0.5390625,0.5390625,0.056315,0.935901819
77408,80503,B77408B80503,2001-02,3,4,0.427154541,MGR,3,1,0.364746094,0.378112793,0.03794,0.88369936
77415,77423,B77415B77423,2001-02,2,2,0.363647461,MGR,1,0,0.357421875,0.397949219,0.03472,0.83297384
77428,77414,B77428B77414,2001-02,1,2,0.398071289,MGR,1,1,0.397949219,0.512390137,0.02896,0.902177137
77435,46769,B77435B46769,2001-02,1,9,0.354736328,MGR,1,1,0.357421875,0.432128906,0.03211,0.849754563
77439,79305,B77439B79305,2001-02,1,4,0.444946289,MGR,1,0,0.350830078,0.5390625,0.035885,0.89429076
79304,77421,B79304B77421,2001-02,4,2,0.425109863,MGR,2,2,0.432128906,0.350830078,0.034865,0.880485876
79311,77409,B79311B77409,2001-02,4,3,0.417297363,MGR,4,1,0.42376709,0.388671875,0.039275,0.851709408
79315,77411,B79315B77411,2001-02,4,3,0.356201172,MGR,1,0,0.350830078,0.357421875,0.03637,0.819101926
